R,X,R0,X0,B1,B0,km,Vbase,Sbase,Loc_real
0.00950,0.04626,0.03354,0.09507,0.08004,0.05970,47.3,230,100,16.7


