R,X,R0,X0,B1,B0,km,Vbase,Sbase,Loc_real
0.002039,0.02459,0.027613,0.09978,2.79993,1.84797,204.0,525,100,9999