R,X,R0,X0,B1,B0,km,Vbase,Sbase,Loc_real
0.01177,0.05845,0.04334,0.12654,0.10195,0.07171,59.8,230,100,15.064