R,X,R0,X0,B1,B0,km,Vbase,Sbase,Loc_real
0.0007,0.0131,0.0143,0.0583,1.71309,0.949955,117.3,525,100,9999


