R,X,R0,X0,B1,B0,km,Vbase,Sbase,Loc_real
0.001639,0.022047,0.017869,0.063185,2.65052,1.785931,186.8,525,100,9999



