R,X,R0,X0,B1,B0,km,Vbase,Sbase,Loc_real
0.0008,0.0117,0.008,0.0304,1.24579,0.78372,94.0,230,100,9999


