R,X,R0,X0,B1,B0,km,Vbase,Sbase,Loc_real
0.002,0.0098,0.0065,0.0254,0.022589,0.013007,10.28,230,100,6.961



