R,X,R0,X0,B1,B0,km,Vbase,Sbase,Loc_real,TW_A,TW_B
0.006,0.0333,0.0188,0.0816,0.066811,0.042276,36.4,230,100,9999,19.68,16.72