R,X,R0,X0,B1,B0,km,Vbase,Sbase,Loc_real
0.0078,0.0398,0.0286,0.1082,0.068835,0.052302,40.6,230,100,9999


