R,X,R0,X0,B1,B0,km,Vbase,Sbase,Loc_real
0.008018,0.044988,0.047496,0.16433,0.1505,0,64.2,230,100,39.2


