R,X,R0,X0,B1,B0,km,Vbase,Sbase,Loc_real
0.00165,0.01913,0.01323,0.05406,2.37734,1.56713,165.5,525,100,9999





