R,X,R0,X0,B1,B0,km,Vbase,Sbase,Loc_real
0.00305,0.03647,0.03878,0.12789,4.48653,2.85704,314.4,525,100,9999




