R,X,R0,X0,B1,B0,km,Vbase,Sbase,Loc_real
0.0123,0.0616,0.0427,0.1801,0.112391,0.070429,64.7,230,100,9999

