R,X,R0,X0,B1,B0,km,Vbase,Sbase,Loc_real
0.0191,0.0984,0.0685,0.2693,0.168552,0.11692,100.1,230,100,9999


