R,X,R0,X0,B1,B0,km,Vbase,Sbase,Loc_real
0.038718,0.175953,0.181221,0.491777,0.30964,0.221,181.3,230,100,146.9