R,X,R0,X0,B1,B0,km,Vbase,Sbase,Loc_real
0.009,0.0557,0.0319,0.1178,0.102604,0.068849,58.81,230,100,9999


