R,X,R0,X0,B1,B0,km,Vbase,Sbase,Loc_real
0.01503,0.08232,0.10446,0.29945,0.27189,0.18208,116.2,230,100,9999



