R,X,R0,X0,B1,B0,km,Vbase,Sbase,Loc_real
0.042567,0.22015,0.19885,0.70497,0.42178,0.26595,237.4,230,100,156.03


