R,X,R0,X0,B1,B0,km,Vbase,Sbase,Loc_real
0.00078,0.00912,0.00856,0.02626,1.11951,0.69499,78.7,525,100,9999