R,X,R0,X0,B1,B0,km,Vbase,Sbase,Loc_real
0.0021,0.0384,0.0281,0.1334,4.730949,2.651351,334.32,500,100,9999


