R,X,R0,X0,B1,B0,km,Vbase,Sbase,Loc_real
0.00171,0.02969,0.04411,0.12323,3.7036,2.32058,257.4,525,100,246.9


